{
  "demo1": {
    "eveil": [
      1.0,
      0.9939110279083252
    ],
    "sommeil": [
      1.0,
      0.9978865385055542
    ],
    "compose_D20_avant": [
      1.0,
      0.987917959690094
    ],
    "compose_D20_apres": [
      1.0,
      0.9955639839172363
    ]
  },
  "demo2": {
    "eveil": [
      0.2849999964237213,
      0.8820133805274963
    ],
    "sommeil": [
      0.9899999499320984,
      0.9949201941490173
    ]
  }
}