{
  "test_acc_official": 0.9042253521126761,
  "delta_vs_core_88p6": 1.8225352112676063,
  "delta_vs_sota_96": -5.577464788732399
}