{
  "ensemble_tta_acc": 0.9550204452521581,
  "ensemble_acc": 0.9531122217174012,
  "n_models": 4,
  "individual": {
    "M5_s0": 0.9447523852794184,
    "M5_s1": 0.9402089959109495,
    "M5_s2": 0.9385733757383008,
    "M11": 0.9461154020899591
  },
  "delta_vs_sota_96": -0.49795547478419167
}