{
  "ensemble_acc": 0.9497501135847342,
  "n_models": 3,
  "delta_vs_best_single": 0.004997728305315752,
  "delta_vs_sota_96": -1.0249886415265905,
  "individual": {
    "0": 0.9447523852794184,
    "1": 0.9402089959109495,
    "2": 0.9385733757383008
  }
}