{
  "ensemble_tta_acc": 0.9564743298500682,
  "ensemble_acc": 0.9555656519763743,
  "n_models": 5,
  "individual": {
    "M5_s0": 0.9447523852794184,
    "M5_s1": 0.9407542026351658,
    "M5_s2": 0.9434802362562471,
    "M11": 0.9461154020899591,
    "M18": 0.9438437074057247
  },
  "delta_vs_sota_96": -0.3525670149931841
}