{
  "baseline_acc": 0.9377142857142857,
  "autocorrect_acc": 0.896,
  "delta": -0.041714285714285704
}