{
  "ensemble_acc": 0.9497501135847342,
  "ensemble_tta_acc": 0.9520218082689687,
  "delta_tta": 0.002271694684234493,
  "delta_vs_sota_96": -0.7978191731031359,
  "tta_rates": [
    1.0,
    0.95,
    1.05
  ],
  "n_models": 3
}