{
  "holdout": "[100:130]_clean",
  "K1_acc": 0.45904761904761904,
  "K4_acc": 0.46190476190476193,
  "delta_K1_vs_42p7": 3.2047619047619023,
  "delta_K4_vs_42p7": 3.490476190476187,
  "n_wavs": 1050
}