{
  "test_acc_official": 0.940299863698319,
  "delta_vs_m5pure_90p2": 3.8299863698319,
  "delta_vs_sota_96": -1.970013630168097
}