{
  "weighted_acc": 0.9567469332121763,
  "weights": {
    "s0": 0.18181818181818182,
    "s1": 0.18181818181818182,
    "s2": 0.18181818181818182,
    "M11": 0.2727272727272727,
    "M18": 0.18181818181818182
  },
  "delta_vs_sota_96": -0.3253066787823684
}