{
  "test_acc": 0.7742857142857142,
  "conf_correct_rate": 0.6028571428571429,
  "abstention_rate": 0.3414285714285714,
  "coverage": 0.6585714285714286,
  "acc_when_attempted": 0.9154013015184381,
  "delta_vs_42p7": 34.72857142857143,
  "method": "audio_autocorrect_v3"
}