{
  "test_acc_official": 0.9447523852794184,
  "delta_vs_m5pure_90p2": 4.275238527941838,
  "delta_vs_sota_96": -1.5247614720581595
}