{
  "ensemble_tta_acc": 0.9571104043616538,
  "n_models": 7,
  "delta_vs_sota_96": -0.2889595638346094
}