{
  "stacking_acc": 0.9546569741026806,
  "delta_vs_ensemble_95p7": -0.2343025897319393,
  "delta_vs_sota_96": -0.5343025897319365
}