{
  "ensemble_tta_acc": 0.9568378009995456,
  "ensemble_acc": 0.9537482962289868,
  "n_models": 4,
  "individual": {
    "M5_s0": 0.9447523852794184,
    "M5_s1": 0.9407542026351658,
    "M5_s2": 0.9434802362562471,
    "M11": 0.9461154020899591
  },
  "delta_vs_sota_96": -0.3162199000454393
}