{
  "test_acc_official": 0.8860517946388006,
  "delta_vs_1cos_87p7": 0.9051794638800601,
  "delta_vs_sota_96": -7.394820536119937
}