{
  "audio_acc": 0.7541666626930237,
  "image_acc": 0.9993333220481873,
  "cross_modal": 0.8715282618999481,
  "ungated": {
    "audio": 0.3075000047683716,
    "image": 0.45749998092651367
  },
  "gated": {
    "audio": 0.5799999833106995,
    "image": 1.0
  }
}