{
  "audio_acc": 0.987500011920929,
  "cross_modal": 0.9541393458843231,
  "gated": {
    "audio": 0.9674999713897705,
    "image": 1.0
  },
  "text_gen": 0.9983333349227905
}