{
  "audio_acc": 0.7850000262260437,
  "image_acc": 0.9979999661445618,
  "cross_modal": 0.8617439448833466,
  "reason_audio": 0.2800000011920929,
  "reason_image": 0.6274999976158142
}