{
  "single": {
    "text": 0.48249998688697815,
    "audio": 0.2199999988079071,
    "image": 0.6024999618530273
  },
  "all3": 0.9074999690055847,
  "partial": {
    "ta": 0.3725000023841858,
    "ti": 0.9049999713897705,
    "ai": 0.6649999618530273
  }
}