{
  "sommeil": [
    0.9899999499320984,
    1.0,
    0.9824999570846558
  ],
  "pur_2000": [
    0.2849999964237213,
    0.26749998331069946,
    0.2199999988079071
  ],
  "delta": 0.7333333094914755
}