{
  "1": {
    "acc": 1.0,
    "gate_min": 0.9997739791870117
  },
  "2": {
    "acc": 1.0,
    "gate_min": 0.9991787075996399
  },
  "3": {
    "acc": 1.0,
    "gate_min": 0.9990208148956299
  },
  "5": {
    "acc": 1.0,
    "gate_min": 0.9986216425895691
  },
  "10": {
    "acc": 1.0,
    "gate_min": 0.9967864155769348
  },
  "20": {
    "acc": 1.0,
    "gate_min": 0.9947879910469055
  },
  "50": {
    "acc": 1.0,
    "gate_min": 0.9869388341903687
  }
}