{
  "wd_0.0": {
    "held": 0.020408162847161293,
    "grok_step": null
  },
  "wd_0.001": {
    "held": 0.020408162847161293,
    "grok_step": null
  },
  "wd_0.01": {
    "held": 0.020408162847161293,
    "grok_step": null
  },
  "wd_0.1": {
    "held": 0.020408162847161293,
    "grok_step": null
  }
}