{
  "SCB_1cos": {
    "held": 0.08163265138864517,
    "grok": null
  },
  "SCB_ce": {
    "held": 0.08163265138864517,
    "grok": null
  },
  "SCB_decomp": {
    "held": 0.07800000160932541
  }
}