{
  "perception": {
    "train": 0.9992307692307693,
    "test": 0.9923518164435946
  },
  "reasoning": {
    "train": 0.7907692307692308,
    "test": 0.6978967495219885
  },
  "e2e": 0.6940726577437859
}