{
  "perception": {
    "train": 0.9761538461538461,
    "test": 0.9617590822179732
  },
  "reasoning": {
    "train": 0.0,
    "test": 0.0
  },
  "e2e": 0.0
}