{
  "perception": {
    "train": 0.9723076923076923,
    "test": 0.9464627151051626
  },
  "reasoning": {
    "train": 0.6161538461538462,
    "test": 0.5869980879541109
  },
  "e2e": 0.5487571701720841
}