{
  "perception": 0.904397705544933,
  "reasoning_train": 0.2919132706354863,
  "reasoning_test": 0.2780137704131949,
  "e2e": 0.3632887189292543,
  "per_rule_test": [
    0.5522388059701493,
    0.0,
    0.4918032786885246,
    0.0,
    0.603448275862069,
    0.0,
    0.55,
    0.5454545454545454,
    0.0,
    0.0,
    0.0,
    0.5932203389830508
  ]
}