{
  "perception": 0.8986615678776291,
  "cueop": 1.0,
  "cascade": 1.0,
  "e2e": 0.8986615678776291
}