{
  "perception": 0.9082217973231358,
  "cueop": 1.0,
  "cascade": 1.0,
  "e2e": 0.9082217973231358
}