{
  "mean_held_out": 0.00625,
  "per_rule": [
    0.0,
    0.0,
    0.0,
    0.0,
    0.0,
    0.0,
    0.0,
    0.0,
    0.0,
    0.0,
    0.0,
    0.0,
    0.0,
    0.0,
    0.09375
  ],
  "n_grok": 0,
  "n_rules": 15
}