{
  "perception": 0.9923518164435946,
  "cueop": 1.0,
  "compute": 0.009560229445506692,
  "e2e": 0.009560229445506692
}