{
  "Q1_ablation": {
    "replay_seul (pas de filtre)": 0.2849999964237213,
    "l\u00e9ger seul (low-pass)": 0.45499998331069946,
    "profond seul (high-pass)": 0.26249998807907104,
    "l\u00e9ger+profond (actuel)": 0.6024999618530273
  },
  "Q2_intensite": {
    "0.2": 0.19249999523162842,
    "0.3": 0.19249999523162842,
    "0.5": 0.6024999618530273,
    "0.7": 0.3700000047683716,
    "0.9": 0.35249999165534973
  },
  "Q3_cycles": {
    "1": 0.6024999618530273,
    "2": 0.9375,
    "3": 0.9549999833106995,
    "5": 0.9899999499320984
  },
  "Q4_courbe": [
    [
      "eveil",
      0.2849999964237213
    ],
    [
      "c0/low0.5",
      0.4449999928474426
    ],
    [
      "c0/high0.3",
      0.6024999618530273
    ],
    [
      "c1/low0.5",
      0.9124999642372131
    ],
    [
      "c1/high0.3",
      0.9375
    ],
    [
      "c2/low0.5",
      0.9749999642372131
    ],
    [
      "c2/high0.3",
      0.9549999833106995
    ],
    [
      "c3/low0.5",
      0.98499995470047
    ],
    [
      "c3/high0.3",
      0.9925000071525574
    ],
    [
      "c4/low0.5",
      0.9824999570846558
    ],
    [
      "c4/high0.3",
      0.9899999499320984
    ]
  ],
  "optimal_3seeds": {
    "mean": 0.9908333023389181,
    "std": 0.007168622958662127,
    "raw": [
      0.9899999499320984,
      1.0,
      0.9824999570846558
    ]
  }
}