{
  "PLURAL": {
    "train": 1.0,
    "held_out": 0.8181818181818182,
    "gate": 0.9985511302947998,
    "sommeil": 1
  },
  "PAST": {
    "train": 0.92,
    "held_out": 0.45454545454545453,
    "gate": 0.9936702251434326,
    "sommeil": 0
  },
  "COMPARATIVE": {
    "train": 0.9375,
    "held_out": 0.625,
    "gate": 0.9940890073776245,
    "sommeil": 1
  }
}