{
  "PLURAL": {
    "mean_held_out": 0.981651376146789,
    "per_seed": [
      0.9724770642201835,
      0.9724770642201835,
      1.0
    ],
    "n_words": 400
  },
  "PAST": {
    "mean_held_out": 1.0,
    "per_seed": [
      1.0,
      1.0,
      1.0
    ],
    "n_words": 400
  },
  "COMPARATIVE": {
    "mean_held_out": 0.9796437659033078,
    "per_seed": [
      1.0,
      0.9541984732824428,
      0.9847328244274809
    ],
    "n_words": 400
  }
}