{
  "held_out_mean": 0.0030581039755351682,
  "per_seed": [
    0.0,
    0.0,
    0.009174311926605505
  ],
  "rule": "PLURAL",
  "n": 400
}