{
  "words": 5,
  "n": 75,
  "acc_eveil": 0.40000003576278687,
  "acc_sommeil": 0.13333334028720856,
  "gate_eveil": 0.8695294260978699,
  "gate_sommeil": 0.25913894176483154
}