{
  "honest": 0.9970000386238098,
  "shuffled": 0.8580000400543213,
  "reordered": 0.9980000257492065,
  "drop": 0.13899999856948853
}